愛,あい,まな
挨拶,あいさつ
愛情,あいじょう
合図,あいず
愛する,あいする
相手,あいて
明かり,あかり
空き,あき
明らか,あきらか
諦める,あきらめる
飽きる,あきる
握手,あくしゅ
悪魔,あくま
明ける,あける
預ける,あずける
汗,あせ,かん
与える,あたえる
暖かい,あたたかい,あったかい,あったけー
辺り,あたり,ほとり,わたり
当たる,あたる
扱う,あつかう
集まり,あつまり
当てる,あてる
跡,あと,せき
穴,あな,けつ,ケツ,めど,みぞ,はりめど
浴びる,あびる
油,あぶら
余り,あまり,あんまり
誤り,あやまり
粗,ほぼ,あら,アラ,そ
嵐,あらし,アラシ
新た,あらた
表す,あらわす,ひょうす
現す,あらわす
現れ,あらわれ
現れる,あらわれる
有る,ある
或,ある
泡,あわ,あぶく
合わせる,あわせる
哀れ,あわれ,あはれ
案,あん,つくえ,つき
暗記,あんき
安定,あんてい
案内,あんない,あない
胃,い
委員,いいん
言う,いう,ゆう
意外,いがい
行き,いき,ゆき
息,いき,むすこ,ムスコ,そく
勢い,いきおい,いきよい
生き物,いきもの
幾つ,いくつ
幾ら,いくら
医師,いし,くすし,くすりし
意思,いし
意志,いし
維持,いじ
意識,いしき
異常,いじょう
椅子,いす,イス,いし
泉,いずみ
以前,いぜん
板,いた
偉大,いだい
抱く,いだく,だく,うだく
頂く,いただく
痛み,いたみ
至る,いたる
位置,いち
一時,ひととき,いっとき,いちじ
一度に,いちどに
市場,いちば,しじょう
一番,いちばん,ひとつがい
一家,いっか,いっけ
一種,いっしゅ
一瞬,いっしゅん
一生,いっしょう
一層,いっそう
一体,いったい
一致,いっち
一般,いっぱん
一方,いっぽう,ひとかた
移動,いどう
従兄弟,いとこ,じゅうけいてい
稲,いね,イネ
居眠り,いねむり
命,いのち,めい,みこと
違反,いはん,いへん
衣服,いふく
居間,いま
今に,いまに
今にも,いまにも
否,ひ,いや,いな
以来,いらい
依頼,いらい
医療,いりょう
岩,いわ
祝い,いわい,ゆわい
祝う,いわう
言わば,いわば
印刷,いんさつ
印象,いんしょう
引退,いんたい
引用,いんよう
上,うえ,うわ,かみ,じょう
魚,さかな,うお
伺う,うかがう
受け取る,うけとる
動かす,うごかす
兎,うさぎ,う,ウサギ
牛,うし,ぎゅう,ウシ,ぎふ
失う,うしなう
後,あと,のち,うしろ,しり,ご,しりえ
嘘,うそ,ウソ
疑う,うたがう
内,うち,ない
宇宙,うちゅう
撃つ,うつ,ぶつ
移す,うつす
訴える,うったえる
奪う,うばう
馬,うま,ウマ
生まれ,うまれ
梅,うめ,むめ,ウメ
裏切る,うらぎる
嬉しい,うれしい
売れる,うれる
噂,うわさ
運,うん
運転,うんてん
運動,うんどう
柄,え,がら,ガラ,つか,から
永遠,えいえん,とわ
永久,えいきゅう,とわ,とこしえ
影響,えいきょう
営業,えいぎょう
衛星,えいせい
栄養,えいよう
笑顔,えがお
描く,えがく,かく
餌,えさ,え,エサ
得る,うる,える
円,えん,まる,マル
延期,えんき
演技,えんぎ
援助,えんじょ
演説,えんぜつ
演奏,えんそう
遠慮,えんりょ
御,ご,ぎょ,み,おおみ,おおん,おおむ,お,おん
老い,おい
追い付く,おいつく
王,おう,おおきみ,おおぎみ
追う,おう
王様,おうさま
王子,おうじ
応じる,おうじる
横断,おうだん
終える,おえる
大いに,おおいに
覆う,おおう
大家,おおや,たいか,たいけ
丘,おか,つかさ
沖,おき
奥,おく
贈る,おくる
起こる,おこる
幼い,おさない,いとけない
収める,おさめる
汚染,おせん
恐れる,おそれる
恐ろしい,おそろしい
お互い,おたがい
穏やか,おだやか
男の人,おとこのひと
劣る,おとる
お腹,おなか
鬼,おに,き,しこ
帯,おび,たい
お昼,おひる
溺れる,おぼれる
お目に掛かる,おめにかかる
思い出,おもいで
主に,おもに
思わず,おもわず
泳ぎ,およぎ
及ぼす,およぼす
居る,いる,おる
下す,くだす,おろす
降ろす,おろす
終,おわり,つい
音,おと,おん,ね
恩,おん
温暖,おんだん
温度,おんど
可,か
課,か
会,え,かい
回,かい
害,がい
会員,かいいん
絵画,かいが
海外,かいがい
会計,かいけい
解決,かいけつ
会合,かいごう
外交,がいこう
開始,かいし
解釈,かいしゃく
外出,がいしゅつ,そとで
改善,かいぜん
快適,かいてき
回復,かいふく
飼う,かう
替える,かえる
換える,かえる
香り,かおり
画家,がか
抱える,かかえる
価格,かかく
化学,かがく,ばけがく
輝く,かがやく
係,かかり,がかり
掛かる,かかる
罹る,かかる
鍵,かぎ,カギ,けん
限る,かぎる
家具,かぐ
学,がく
額,がく,ひたい
覚悟,かくご
確実,かくじつ
学者,がくしゃ
学習,がくしゅう
隠す,かくす
拡大,かくだい
確認,かくにん
学問,がくもん
隠れる,かくれる
影,かげ
陰,いん,かげ,ほと
欠ける,かける
加減,かげん
過去,かこ
籠,かご,カゴ,ろう
囲む,かこむ,かごむ
火災,かさい
貸し,かし
菓子,かし
家事,かじ
賢い,かしこい
歌手,かしゅ
数,しばしば,かず,すう
稼ぐ,かせぐ
数える,かぞえる
型,かた,がた
肩,かた
硬い,かたい
方々,かたがた,ほうぼう
刀,かたな,とう
語る,かたる
勝ち,かち,がち
価値,かち
活気,かっき
学期,がっき
格好,かっこう,かっこ,カッコ
活動,かつどう
活用,かつよう
悲しむ,かなしむ
必ずしも,かならずしも
金,かね,かな,きん,こがね,きがね,くがね
金持ち,かねもち
可能,かのう
株,かぶ,くい,しゅ,くいぜ,くいせ,かぶた
被る,かぶる,かむる,こうむる
構う,かまう
我慢,がまん,ガマン
神,かみ,しん,じん,み,かむ,かん
雷,かみなり,なるかみ,いかずち,いかづち,らい
髪の毛,かみのけ
科目,かもく
火曜,かよう
空,から,カラ,そら,うろ,うつお,うつほ,うつせ,くう
刈る,かる
彼等,かれら,あれら
川,かわ,がわ
河,かわ,がわ,ホー
皮,かわ
革,かわ,つくりかわ,つくりがわ
缶,かん,カン,かま,ほとぎ
考え,かんがえ
勘,かん
感覚,かんかく
観客,かんきゃく,かんかく
環境,かんきょう
歓迎,かんげい
観光,かんこう
観察,かんさつ
感じ,かんじ
感謝,かんしゃ
患者,かんじゃ
勘定,かんじょう
感情,かんじょう
感じる,かんじる
感心,かんしん
関心,かんしん
関する,かんする
完成,かんせい
完全,かんぜん
感動,かんどう
監督,かんとく
管理,かんり
完了,かんりょう,ワンラ
関連,かんれん
議員,ぎいん
記憶,きおく
気温,きおん
機械,きかい
議会,ぎかい
期間,きかん
機関,からくり,カラクリ,きかん
企業,きぎょう
効く,きく
機嫌,きげん
気候,きこう
岸,きし
生地,きじ,せいち,しょうち
記事,きじ
技師,ぎし
記者,きしゃ
傷,きず,キズ
期待,きたい
帰宅,きたく
貴重,きちょう
議長,ぎちょう
気付く,きづく,きずく
気に入る,きにいる
記入,きにゅう
記念,きねん
機能,きのう
気の毒,きのどく
寄付,きふ
希望,きぼう
基本,きほん
決まり,きまり
気味,きみ,きび,ぎみ,きあじ
奇妙,きみょう
義務,ぎむ
疑問,ぎもん
逆,ぎゃく,さか
九,きゅう,く,ここの,この,ここ,チュー
旧,きゅう,ふる,もと
級,きゅう
球,まり,きゅう,たま
休暇,きゅうか
休憩,きゅうけい
急激,きゅうげき
吸収,きゅうしゅう
救助,きゅうじょ
急速,きゅうそく
急に,きゅうに
給料,きゅうりょう
器用,きよう
教科書,きょうかしょ
競技,きょうぎ
行儀,ぎょうぎ
供給,きょうきゅう
教師,きょうし
教授,きょうじゅ
強調,きょうちょう
共通,きょうつう
共同,きょうどう
恐怖,きょうふ,くふ
協力,きょうりょく
強力,きょうりょく,ごうりき
許可,きょか
局,きょく,つぼね
巨大,きょだい
嫌う,きらう
霧,きり
切れ,きれ,ぎれ
切れる,きれる
記録,きろく
議論,ぎろん
銀,ぎん,しろがね,しろかね
禁煙,きんえん
金額,きんがく
金庫,きんこ,かねぐら,きんぞう
禁止,きんし
金銭,きんせん
金属,きんぞく
近代,きんだい
緊張,きんちょう
筋肉,きんにく,すじにく
金融,きんゆう
金曜,きんよう
句,く
食う,くう
偶然,ぐうぜん
臭い,くさい,くせー,くっせー,におい
鎖,くさり,じょう
腐る,くさる
癖,くせ,へき,クセ
管,かん,くだ
具体,ぐたい
下さる,くださる
下り,くだり,くんだり
苦痛,くつう
区別,くべつ
組,くみ
組合,くみあい
組む,くむ
曇,くもり
位,くらい,い
暮らし,くらし,ぐらし
暮らす,くらす
繰り返す,くりかえす
狂う,くるう
苦しい,くるしい
苦しむ,くるしむ
暮れ,くれ
苦労,くろう
加える,くわえる
詳しい,くわしい
加わる,くわわる
訓,くん,くに
軍,ぐん,いくさ
軍隊,ぐんたい
訓練,くんれん
下,した,もと,げ,しも,か,さがる
計,けい,はか
敬意,けいい
経営,けいえい
計画,けいかく
景気,けいき
経験,けいけん
傾向,けいこう
警告,けいこく
計算,けいさん
掲示,けいじ
刑事,でか,デカ,けいじ
芸術,げいじゅつ
契約,けいやく
経由,けいゆ,けいゆう
怪我,けが,ケガ
劇,げき
劇場,げきじょう
化粧,けしょう,けわい,けそう
結果,けっか
欠陥,けっかん
結局,けっきょく
決心,けっしん
欠席,けっせき
決定,けってい
欠点,けってん
月曜,げつよう
結論,けつろん
煙,けむり,けむ,けぶ,けぶり
券,けん
県,けん,あがた
軒,のき,けん
喧嘩,けんか,ケンカ
見解,けんかい
限界,げんかい
現金,げんきん
言語,げんご,ごんご,げんきょ
健康,けんこう
検査,けんさ
現在,げんざい
現実,げんじつ
現象,げんしょう
現状,げんじょう
建設,けんせつ
現代,げんだい,ヒュンダイ
建築,けんちく
見当,けんとう
検討,けんとう
現場,げんば,げんじょう
憲法,けんぽう,けんぼう
権利,けんり
語,ご,かたり
恋,こい
濃い,こい
恋人,こいびと
幸運,こううん
講演,こうえん
効果,こうか
硬貨,こうか
高価,こうか
豪華,ごうか
合格,ごうかく
交換,こうかん
航空,こうくう
光景,こうけい
合計,ごうけい
攻撃,こうげき
貢献,こうけん
広告,こうこく
交際,こうさい
後者,こうしゃ
工場,こうじょう,こうば
構成,こうせい
高速,こうそく
行動,こうどう
強盗,ごうとう
幸福,こうふく
公平,きんぴら,キンピラ,こうへい
候補,こうほ
考慮,こうりょ
越える,こえる
氷,こおり,ひ,つらら,ひょうちゅう
凍る,こおる
誤解,ごかい
語学,ごがく
呼吸,こきゅう
故郷,ふるさと,こきょう
極,ごく,きょく,はたて
国語,こくご
黒板,こくばん
克服,こくふく
国民,こくみん,くにたみ
穀物,こくもつ
腰,こし,コシ,ごし,よう
故障,こしょう
個人,こじん
越す,こす
国家,こっか
国会,こっかい
国境,こっきょう,くにざかい
骨折,こっせつ
小包,こづつみ
事,こと,じ,ごと
異なる,ことなる
諺,ことわざ
断る,ことわる
粉,こな,こ,デシメートル
好み,このみ,よしみ,ぎ,よしび,ごのみ
好む,このむ
塵,ゴミ,ごみ,ちり,じん
小麦,こむぎ
小屋,こや,しょうおく
頃,ころ,ごろ,けい,ころおい
殺す,ころす
転ぶ,ころぶ,まろぶ
今回,こんかい
今後,こんご
混雑,こんざつ
困難,こんなん
今日,きょう,こんにち,こんち,こんじつ
婚約,こんやく
混乱,こんらん
差,さ,さし,サシ
際,きわ,ぎわ,さい
最高,さいこう,サイコー
財産,ざいさん
最終,さいしゅう
最中,さいちゅう,さなか,もなか
最低,さいてい,サイテー
才能,さいのう
裁判,さいばん
材料,ざいりょう
幸い,さいわい
境,さかい,きょう
逆らう,さからう
盛り,さかり,もり
作業,さぎょう
昨,さく
作品,さくひん
作物,さくぶつ,さくもつ
桜,さくら,サクラ
酒,さけ,ささ,しゅ,さか
叫ぶ,さけぶ
避ける,さける,よける
支える,ささえる,つかえる,つっかえる
指す,さす
座席,ざせき
誘う,さそう,いざなう
札,さつ,ふだ,ふみた,ふんだ,さね
作家,さっか
作曲,さっきょく
砂漠,さばく
差別,さべつ,しゃべつ,しゃべち
作法,さほう,さくほう
様々,さまざま,さまさま
覚ます,さます
覚める,さめる
左右,さゆう,そう,とかく
皿,さら
更に,さらに
去る,さる
猿,さる,サル,ましら
騒ぎ,さわぎ
参加,さんか
参考,さんこう
賛成,さんせい
酸素,さんそ
散歩,さんぽ
四,し,よん,よ,スー
氏,うじ,し
詩,うた,し
幸せ,しあわせ,しやわせ
ジェット機,ジェットき
直に,じかに,じきに
叱る,しかる
式,しき
直,なお,ひた,じき,ちょく,あたい,あたえ,じか,ただ,ね
時期,じき
支給,しきゅう
刺激,しげき
資源,しげん
事件,じけん
時刻,じこく
自殺,じさつ
事実,じじつ
支出,ししゅつ
事情,じじょう
詩人,しじん
自身,じしん
沈む,しずむ
自然,しぜん,じねん
思想,しそう
舌,した
次第,しだい
事態,じたい
従う,したがう
支度,したく
親しい,したしい,ちかしい
七,しち,なな,なあ,ひち,な,チー
質,しつ,たち,タチ,しち
失業,しつぎょう
実験,じっけん
実現,じつげん
実行,じっこう
実際,じっさい
実施,じっし
実に,まことに,じつに,げに
実は,じつは
失望,しつぼう
支店,してん
指導,しどう
自動,じどう
品,しな,ほん,ひん
支配,しはい
芝居,しばい
芝生,しばふ
支払,しはらい
支払う,しはらう
死亡,しぼう
資本,しほん
姉妹,しまい,きょうだい
自慢,じまん
事務,じむ
示す,しめす
占める,しめる
霜,しも
借金,しゃっきん
邪魔,じゃま
週,しゅう
州,しゅう,す
十,じゅう,とお,と,シー
銃,じゅう,つつ
周囲,しゅうい
収穫,しゅうかく
週間,しゅうかん
宗教,しゅうきょう
重視,じゅうし
就職,しゅうしょく
修正,しゅうせい
渋滞,じゅうたい
重大,じゅうだい
住宅,じゅうたく
集団,しゅうだん
集中,しゅうちゅう
収入,しゅうにゅう
住民,じゅうみん
重要,じゅうよう
修理,しゅうり,しゅり,すり
主義,しゅぎ
宿泊,しゅくはく
手術,しゅじゅつ,しゅずつ
首相,しゅしょう
手段,しゅだん
主張,しゅちょう
出身,しゅっしん
出席,しゅっせき
出発,しゅっぱつ
出版,しゅっぱん
首都,しゅと
主婦,しゅふ
主要,しゅよう
需要,じゅよう
種類,しゅるい
順,じゅん,ずん
瞬間,しゅんかん
順調,じゅんちょう
順番,じゅんばん
準備,じゅんび
使用,しよう
小,しょう,こ,お,ささ,さざ,ぐゎー,さ
章,しょう
賞,しょう
障害,しょうがい
奨学金,しょうがくきん,しょうがっきん
乗客,じょうきゃく,じょうかく
上京,じょうきょう
状況,じょうきょう
条件,じょうけん
正午,しょうご
正直,しょうじき
常識,じょうしき
少女,しょうじょ,おとめ
少々,しょうしょう
症状,しょうじょう
生じる,しょうじる
招待,しょうたい,しょうだい
状態,じょうたい
上達,じょうたつ
冗談,じょうだん
承知,しょうち
上等,じょうとう
衝突,しょうとつ
商人,しょうにん,あきんど,あきうど,あきゅうど,あきびと
承認,しょうにん
少年,しょうねん
商売,しょうばい
消費,しょうひ
商品,しょうひん
消防,しょうぼう
情報,じょうほう
証明,しょうめい
女王,じょおう,じょうおう,にょおう
職,しょく,そく,しき
職業,しょくぎょう
食事,しょくじ
食卓,しょくたく
食品,しょくひん
植物,しょくぶつ
食物,しょくもつ,くいもの
食欲,しょくよく
食料,しょくりょう
食糧,しょくりょう
書斎,しょさい
女子,じょし,めこ,メコ,おなご
助手,たすけて,すけて,じょしゅ
徐々に,じょじょに
署名,しょめい
書物,しょもつ
女優,じょゆう
処理,しょり
書類,しょるい
知らせ,しらせ
尻,けつ,ケツ,しり
印,いん,しるし
城,しろ,じょう,き
進学,しんがく
神経,しんけい
真剣,しんけん
信仰,しんこう
信号,しんごう
人工,じんこう
深刻,しんこく
診察,しんさつ
人種,じんしゅ
信じる,しんじる
人生,じんせい
親戚,しんせき
新鮮,しんせん
心臓,しんぞう
身体,からだ,しんたい,しんだい,しんてい
身長,しんちょう
慎重,しんちょう
心配,しんぱい
審判,しんぱん,しんばん
人物,じんぶつ
進歩,しんぽ
親友,しんゆう
信用,しんよう
信頼,しんらい
心理,しんり
人類,じんるい
巣,す
図,ず
水準,すいじゅん
推薦,すいせん
随分,ずいぶん
睡眠,すいみん
数字,すうじ
末,うら,うれ,すえ,まつ
姿,すがた
空く,すく,あく
救う,すくう
優れる,すぐれる
少しも,すこしも
過ごす,すごす
筋,すじ,スジ,きん
進める,すすめる
勧める,すすめる
頭痛,ずつう
既に,すでに,すんでに
素晴らしい,すばらしい,すんばらしい
全て,すべて
済ませる,すませる
角,かく,かど,つの,ツノ,すみ,すま
為る,する,なる
鋭い,するどい
背,せい,せ,そびら
正,せい,しょう,まさ
生,き,なま,ウブ,うぶ,せい,しょう,いく,ふ,なまり
性,さが,せい,しょう,なりくせ
所為,しょい,そい,せい,せえ
税,ぜい
性格,せいかく
正確,せいかく
世紀,せいき
請求,せいきゅう
税金,ぜいきん
清潔,せいけつ
制限,せいげん
成功,せいこう
生産,せいさん,せいざん
正式,せいしき
精神,せいしん
成人,せいじん
精々,せいぜい
成績,せいせき
製造,せいぞう
贅沢,ぜいたく
成長,せいちょう
制度,せいど
青年,せいねん
製品,せいひん
政府,せいふ
生物,せいぶつ,なまもの
生命,せいめい
整理,せいり
咳,せき,しわぶき
石炭,せきたん,いしずみ
責任,せきにん
石油,せきゆ
世間,せけん
説,せつ
積極的,せっきょくてき
設計,せっけい
絶対,ぜったい
設備,せつび
絶滅,ぜつめつ
節約,せつやく
是非,ぜひ
責める,せめる
世話,せわ
善,ぜん
全,ぜん
全員,ぜんいん,ぜいいん
専攻,せんこう
全国,ぜんこく
先日,せんじつ
前者,ぜんしゃ
選手,せんしゅ
前進,ぜんしん
全然,ぜんぜん,ぜんっぜん
全体,ぜんたい
選択,せんたく,せんだく
象,しょう,ぞう,ゾウ
騒音,そうおん
増加,ぞうか
操作,そうさ
掃除,そうじ
想像,そうぞう
相続,そうぞく
相談,そうだん
装置,そうち
相当,そうとう
速度,そくど
底,そこ,てい
組織,そしき,そしょく
注ぐ,そそぐ,つぐ
育つ,そだつ
袖,そで
備える,そなえる
側,そば,がわ,かわ,かたわら,そく
粗末,そまつ
損,そん
損害,そんがい
尊敬,そんけい
存在,そんざい
尊重,そんちょう
田,た
他,ほか,た
対,たい,つい
大,おお,だい,おおき,おおい,たい
台,だい,うてな,たい
題,だい
体育,たいいく,たいく
体温,たいおん
大会,たいかい
大気,たいき
代金,だいきん
退屈,たいくつ
滞在,たいざい
大使,たいし
大した,たいした
対象,たいしょう
大臣,だいじん,おとど
対する,たいする
大戦,たいせん
大抵,たいてい
態度,たいど
大統領,だいとうりょう
大半,たいはん
代表,だいひょう
大部分,だいぶぶん
大変,たいへん
逮捕,たいほ
太陽,たいよう
平ら,たいら,だいら
代理,だいり
大陸,たいりく
倒す,たおす,こかす
互い,たがい
宝,たから
宅,たく
確かめる,たしかめる
多少,たしょう
助ける,たすける
唯,ただ,タダ
戦い,たたかい
戦う,たたかう
叩く,たたく,はたく
直ちに,ただちに
立ち上がる,たちあがる
立場,たちば,たてば
経つ,たつ
達する,たっする
縦,たて,タテ,ほしいまま,よし
谷,たに
他人,たにん,ひと,あだびと
種,しゅ,たね,タネ,くさ
束,たば,つか,そく
度,たび,たんび,ど,ド,どう
旅,たび,りょ
多分,たぶん
玉,たま,ぎょく
弾,たま,だん
偶,たまたま,たま,ぐう
偶々,たまたま
黙る,だまる
駄目,だめ,ダメ,だーめ
試し,ためし
試す,ためす
便り,たより,だより
頼る,たよる
誰か,だれか
段,たん,だん
単位,たんい
単語,たんご
単純,たんじゅん
男子,だんし
誕生,たんじょう
団体,だんたい
担当,たんとう
単なる,たんなる
単に,たんに
地,ち,つち,つし,じ
地位,ちい
地域,ちいき
知恵,ちえ
地下,ちか
違い,ちがい
違いない,ちがいない
近頃,ちかごろ
地球,ちきゅう
地区,ちく
遅刻,ちこく
知事,ちじ
知識,ちしき
父親,ちちおや,てておや
知能,ちのう
地平線,ちへいせん
地方,ちほう,じかた
茶,ちゃ
中,なか,うち,ちゅう,じゅう,ぢゅう,チュン
注,ちゅう
中央,ちゅうおう
中学,ちゅうがく
中古,ちゅうこ,ちゅうぶる
中止,ちゅうし
駐車,ちゅうしゃ
昼食,ちゅうしょく,ちゅうじき,ひるげ
中心,ちゅうしん,なかご
注目,ちゅうもく
注文,ちゅうもん,ちゅうぶん
長期,ちょうき
調査,ちょうさ
調子,ちょうし
頂上,ちょうじょう
貯金,ちょきん
直接,ちょくせつ
著者,ちょしゃ
遂に,ついに
通過,つうか
通学,つうがく
通行,つうこう
通じる,つうじる
通信,つうしん
捕まる,つかまる
掴む,つかむ
疲れ,つかれ,づかれ
月,つき,げつ
付き合い,つきあい
次々,つぎつぎ
就く,つく
付ける,つける
土,つち,つし,ど,に,ト,と
続き,つづき
包み,つつみ
勤め,つとめ
務め,つとめ
繋ぐ,つなぐ
常に,つねに
翼,つばさ,よく
罪,つみ,ざい
詰める,つめる
積もる,つもる
梅雨,つゆ,ばいう
辛い,からい,つらい,ツライ,ツラい,づらい,ずらい
釣,つり
連れ,つれ,ツレ,づれ
出会い,であい
出会う,であう
提案,ていあん
定期,ていき
抵抗,ていこう
提出,ていしゅつ
程度,ていど
停留所,ていりゅうじょ,ていりゅうしょ
敵,かたき,てき
出来事,できごと
適する,てきする
適切,てきせつ
適度,てきど
適用,てきよう
出来るだけ,できるだけ
手品,てじな
鉄,てつ,くろがね
哲学,てつがく
手伝い,てつだい
徹底,てってい
鉄道,てつどう
徹夜,てつや
手間,てま
典型,てんけい
天候,てんこう
電子,でんし
伝統,でんとう
天然,てんねん
問い,とい
党,とう,たむろ,たむら
塔,とう
答案,とうあん
同一,どういつ
当時,とうじ
動詞,どうし
同時,どうじ
到着,とうちゃく
道徳,どうとく
投票,とうひょう
同様,どうよう
同僚,どうりょう
道路,どうろ
通す,とおす
通り,とおり,どおり,どうり
通り過ぎる,とおりすぎる
都会,とかい
時,とき,じ,どき
解く,とく,ほどく
毒,どく
得意,とくい
読書,どくしょ,とくしょ
独身,どくしん
特徴,とくちょう
独特,どくとく
独立,どくりつ
解ける,とける,ほどける
登山,とざん
都市,とし
年月,としつき,ねんげつ
図書,としょ,ずしょ
年寄,としより
閉じる,とじる
途端,とたん
土地,とち,どおじ,どじ,どち
突然,とつぜん
届く,とどく
飛ばす,とばす
飛び出す,とびだす
留める,とめる,とどめる
友,とも,ゆう
共に,ともに
土曜,どよう
虎,とら,トラ
取り上げる,とりあげる
努力,どりょく
取れる,とれる
泥,どろ
名,な,めい
内容,ないよう
仲,なか,すあい,すわい
流す,ながす
半ば,なかば
仲間,ちゅうげん,なかま
眺め,ながめ
眺める,ながめる
流れ,ながれ
流れる,ながれる
無し,なし
謎,なぞ
納得,なっとく
等,など,とう,ら
何,なに,ナニ,なん
何か,なにか,なんか
鍋,なべ
怠ける,なまける
波,なみ,ぽ,は
涙,なみだ,なみた,なだ,なんだ
悩む,なやむ
成る,なる
縄,なわ
何で,なんで
何でも,なんでも
何とか,なんとか
似合う,にあう
匂い,におい
苦手,にがて
握る,にぎる
日,ひ,にち,か,んち,ち
日常,にちじょう
日曜,にちよう
日光,にっこう
日中,にっちゅう,ひなか
日本,にほん,にっぽん
入院,にゅういん
入学,にゅうがく
入場,にゅうじょう
人気,にんき,ひとけ,ひとげ,じんき
人間,にんげん,じんかん
抜く,ぬく
抜ける,ぬける
布,ぬの,ふ,の
濡れる,ぬれる
根,ね,こん
値,あたい,ち,ね
願い,ねがい
願う,ねがう
鼠,ねずみ,ネズミ,ねず
値段,ねだん
熱心,ねっしん
熱帯,ねったい
熱中,ねっちゅう
年間,ねんかん
年中,ねんじゅう,ねんちゅう,ねんぢゅう,としなか
年代,ねんだい
年齢,ねんれい
野,の,や
能,のう
農家,のうか
農業,のうぎょう
農民,のうみん
能力,のうりょく,のうりき
残す,のこす
残り,のこり
乗せる,のせる
除く,のぞく
望み,のぞみ
望む,のぞむ
喉,のど,のんど,のみと,のみど,ノド,こん,こう
伸ばす,のばす
伸びる,のびる
述べる,のべる
昇る,のぼる
場,ば,じょう
灰,はい
配達,はいたつ,はいだつ
俳優,はいゆう
墓,はか
馬鹿,ばか,バカ
博士,はかせ,はくし
計る,はかる
履く,はく
吐く,つく,はく
拍手,はくしゅ,かしわで
莫大,ばくだい
爆発,ばくはつ
博物館,はくぶつかん
激しい,はげしい
破産,はさん
端,はし,はじ,はな,はした,つま,たん,はた
始まり,はじまり
外す,はずす
旗,はた
肌,はだ,はだえ
裸,はだか
畑,はたけ,はた
二十,にじゅう,はた,はたち,にじゅっさい,にじっさい
働き,はたらき
発見,はっけん
発行,はっこう
発車,はっしゃ
罰する,ばっする
発達,はったつ
発展,はってん
発表,はっぴょう
発明,はつめい
話し合う,はなしあう
離す,はなす
放す,はなす
離れる,はなれる
羽,はね,は,わ,ば,ぱ,う
幅,はば,の,ふく
母親,ははおや
省く,はぶく
場面,ばめん
腹,はら
原,げん,はら,ばら
針,はり
張る,はる,ばる
番,ばん,つがい
範囲,はんい
反抗,はんこう
犯罪,はんざい
判断,はんだん
犯人,はんにん
販売,はんばい
灯,ひ,あかり,あかし,とう,ともし,とぼし,ともしび
被害,ひがい
比較,ひかく
轢く,ひく
悲劇,ひげき
飛行,ひこう,ひぎょう
膝,ひざ,ヒザ
非常,ひじょう
美人,びじん
日付,ひづけ
必死,ひっし
引っ張る,ひっぱる
否定,ひてい
一言,ひとこと,いちげん,いちごん
人込み,ひとごみ
等しい,ひとしい
独り,ひとり,いちにん
一人一人,ひとりひとり,ひとりびとり
批判,ひはん
批評,ひひょう
秘密,ひみつ
微妙,びみょう,ビミョー,みみょう
紐,ひも,ヒモ
費用,ひよう
表,おもて,ひょう
秒,びょう
評価,ひょうか
表現,ひょうげん
表情,ひょうじょう
平等,びょうどう
評判,ひょうばん
表面,ひょうめん,おもてめん
広がる,ひろがる
瓶,かめ,びん,ビン,へい
便,びん,べん,よすが
不,ふ,ぶ
無,む,ぶ
分,ふん,ぶ,ぶん
不安,ふあん
風景,ふうけい
夫婦,ふうふ,めおと,みょうと
笛,ふえ,ちゃく
不可,ふか
武器,ぶき
服装,ふくそう
含む,ふくむ,くくむ
袋,ふくろ,たい
不幸,ふこう
節,せつ,ノット,ふし,ぶし,よ,せち
無事,ぶじ
不思議,ふしぎ
不自由,ふじゆう
夫人,ふじん,ぶにん
婦人,ふじん
不正,ふせい
防ぐ,ふせぐ
不足,ふそく
舞台,ぶたい
双子,ふたご,そうし
再び,ふたたび
普段,ふだん
縁,ゆかり,しょえん,えん,えにし,えに,え,ふち,よし,よすが,へり
打つ,うつ,ぶつ
物価,ぶっか
物質,ぶっしつ,ものしち
物理,ぶつり
筆,ふで,ひつ
船,ふね,せん
部分,ぶぶん
不平,ふへい
不満,ふまん
不利,ふり
振る,ふる,ぶる
震える,ふるえる
触れる,ふれる
風呂,ふろ
文,ふみ,ぶん,もん,あや
雰囲気,ふんいき,ふいんき
分析,ぶんせき
文明,ぶんめい
分野,ぶんや
塀,へい
平均,へいきん,へいぎん
平和,へいわ,ピンフ,ピンホー
別に,べつに
減らす,へらす
減る,へる
変化,へんか,へんげ
勉強,べんきょう
変更,へんこう
弁当,べんとう
方,かた,ほう,さま,がた,へ
法,のり,ほう
棒,ぼう
冒険,ぼうけん
方向,ほうこう
報告,ほうこく
宝石,ほうせき
放送,ほうそう
豊富,ほうふ
方法,ほうほう
訪問,ほうもん
吠える,ほえる
外,そと,と,ほか,よそ,がい
誇り,ほこり
埃,ほこり,ホコリ,あい
保証,ほしょう
保存,ほぞん
程,ほど
歩道,ほどう
仏,ふつ,ぶつ,ほとけ,ホトケ
骨,こつ,コツ,ほね
炎,ほのお,ほむら,えん
頬,ほお,ほほ,つら,ツラ
微笑む,ほほえむ,ほおえむ
褒める,ほめる
濠,ほり,ごう
本当,ほんとう,ほんと,ホントー,ホント,ホントウ
本人,ほんにん
本物,ほんもの,ホンモノ
間,あいだ,あわい,ま,はざま,はさま,ハザマ,かん,けん
迷子,まいご
任せる,まかせる
幕,まく
負け,まけ
孫,まご,そん
真面目,しんめんもく,しんめんぼく,まじめ,マジメ
増す,ます
先ず,まず
貧しい,まずしい
又,また
未だ,まだ,いまだ
街,がい,まち
間違い,まちがい
松,まつ,マツ
真っ赤,まっか
真っ直ぐ,まっすぐ
全く,まったく
祭,まつり
学ぶ,まなぶ
真似,まね,マネ
招く,まねく
豆,まめ,マメ
守る,まもる
丸,まる,マル,がん
丸い,まるい,まろい
回す,まわす
回り,まわり
万一,まんいち,ばんいち,まんいつ,ばんいつ
満足,まんぞく
身,み,むくろ
実,じつ,じち,み,まこと,さね,そうじみ,ただみ,むざね
見送り,みおくり
味方,みかた
見事,みごと
満ちる,みちる
密,みつ
認める,したためる,みとめる
皆,みな,みんな
見舞い,みまい
土産,みやげ,どさん,とさん
都,みやこ,と
妙,みょう
明後日,あさって,みょうごにち
未来,みらい
魅力,みりょく
見る,みる
向かい,むかい
迎え,むかえ
向く,むく
向ける,むける
無視,むし
虫歯,むしば
寧ろ,むしろ
結ぶ,むすぶ
無駄,むだ,ムダ
夢中,むちゅう
胸,むね,むな
無料,むりょう
芽,め
明確,めいかく
命じる,めいじる
名人,めいじん
命令,めいれい
迷惑,めいわく
飯,めし,まんま,まま,いい
滅多に,めったに
面,おもて,おも,も,もて,つら,ツラ,めん,づら,ヅラ
綿,めん,わた,ワタ
免許,めんきょ
面倒,めんどう
申し込む,もうしこむ
申し訳,もうしわけ
毛布,もうふ
燃える,もえる
目的,もくてき
目標,めじるし,もくひょう
木曜,もくよう
文字,もじ,もんじ
持ち上げる,もちあげる
用いる,もちいる
勿論,もちろん
最も,もっとも,もとも
尤も,もっとも,もとも
元,もと,げん,ユアン
基,もと,き,もとい
素,もと,そ,す
戻す,もどす
基づく,もとづく
求める,もとめる
者,もの,もん,しゃ
物音,ものおと
物語,ものがたり
物事,ものごと
模様,もよう
貰う,もらう
文句,もんく
役,えき,えだち,やく
約,やく
訳,わけ,ワケ,やく
役割,やくわり
家賃,やちん
厄介,やっかい
宿,しゅく,やど
雇う,やとう
屋根,やね
破る,わる,やぶる
辞める,やめる
唯一,ゆいいつ,ゆいつ,ゆういつ
勇気,ゆうき
有効,ゆうこう
優秀,ゆうしゅう
優勝,ゆうしょう
友情,ゆうじょう
友人,ゆうじん
有能,ゆうのう
郵便,ゆうびん
夕べ,ゆうべ
有利,ゆうり
床,とこ,ゆか,しょう
愉快,ゆかい
輸出,ゆしゅつ,しゅしゅつ
譲る,ゆずる
豊か,ゆたか
輸入,ゆにゅう,しゅにゅう
許す,ゆるす
夜,よる,よ,や
夜明け,よあけ
様,ざま,ザマ,さま,よう,ためし
酔う,よう,えう
容易,ようい
陽気,ようき
要求,ようきゅう
用心,ようじん
様子,ようす
要するに,ようするに
要素,ようそ
要点,ようてん
曜日,ようび
予期,よき
横切る,よこぎる
予算,よさん
止す,よす,さす
予測,よそく
夜中,よなか,やちゅう,よじゅう
世の中,よのなか
余分,よぶん
予報,よほう
予防,よぼう
読み,よみ
嫁,よめ
余裕,よゆう
喜び,よろこび
宜しい,よろしい
来,らい
楽,らく,がく
利益,りえき,りやく
理解,りかい
陸,ろく,りく,おか,む,むう
利口,りこう
離婚,りこん
理想,りそう
率,りつ
立派,りっぱ
留学,りゅうがく
流行,りゅうこう,はやり
量,りょう,はか
両替,りょうがえ
料金,りょうきん
例,れい,ためし
礼,れい
礼儀,れいぎ
冷静,れいせい
列,れつ
列車,れっしゃ
練習,れんしゅう
連想,れんそう
連続,れんぞく
老人,ろうじん
労働,ろうどう
論じる,ろんじる
論争,ろんそう
論文,ろんぶん
輪,りん,わ
別れ,わかれ
脇,わき,かたわら
分ける,わける
僅か,わずか
話題,わだい
笑い,わらい
割る,わる
悪口,わるぐち,わるくち,あっこう
我々,われわれ
湾,わん
